{"cameraMode":{"drawMode":0,"name":"Shaded","section":"Shading Mode"},"sceneLighting":false,"audioPlay":false,"sceneViewState":{"showFog":true,"showMaterialUpdate":false,"showSkybox":true,"showFlares":true,"showImageEffects":true,"showParticleSystems":true},"in2DMode":false,"pivot":{"x":0.0,"y":1.2999999523162842,"z":-0.4400005340576172},"rotation":{"x":0.21569715440273286,"y":0.6595620512962341,"z":-0.20620578527450562,"w":0.6899372339248657},"size":19.3148250579834,"orthographic":false}